thisN,thisTrialN,thisRepN,key_resp.keys,key_resp.corr,key_resp.rt,key_resp.duration,tilt,trials.thisRepN,trials.thisTrialN,trials.thisN,trials.thisIndex,thisRow.t,notes,trial.started,fixation.started,fixation.stopped,key_resp.started,trial.stopped,trials.key_resp.keys,trials.key_resp.corr,trials.key_resp.rt,trials.key_resp.duration,trials.tilt,participant,session,date,expName,expVersion,psychopyVersion,frameRate,expStart
0,0,0,up,0,0.7138644,None,-2,0,0,0,0,0.0042727,,0.0022514,0.0042727,1.0131714,1.0131714,1.7298756,up,0,0.7138644,None,-2,235884,1,2025-09-12_15h23.16.063,SignalDetection_orient_Lab2,,2025.1.1,59.93026514,2025-09-12 15h23.22.265091 +0530
1,0,1,down,1,0.3367577,None,-1,1,0,1,0,1.7466004,,1.7300714,1.7466004,2.7465322,2.7302279,3.0793676,down,1,0.3367577,None,-1,235884,1,2025-09-12_15h23.16.063,SignalDetection_orient_Lab2,,2025.1.1,59.93026514,2025-09-12 15h23.22.265091 +0530
2,0,2,down,0,0.2453327,None,0,2,0,2,0,3.0964395,,3.0794942,3.0964395,4.096304,4.0794715,4.3293732,down,0,0.2453327,None,0,235884,1,2025-09-12_15h23.16.063,SignalDetection_orient_Lab2,,2025.1.1,59.93026514,2025-09-12 15h23.22.265091 +0530
3,0,3,up,0,0.1493116,None,2,3,0,3,0,4.3462541,,4.3295286,4.3462541,5.3461289,5.3296755,5.4804213,up,0,0.1493116,None,2,235884,1,2025-09-12_15h23.16.063,SignalDetection_orient_Lab2,,2025.1.1,59.93026514,2025-09-12 15h23.22.265091 +0530
4,0,4,down,0,0.3134984,None,0,4,0,4,0,5.4963979,,5.4805871,5.4963979,6.4960079,6.4960079,6.8120479,down,0,0.3134984,None,0,235884,1,2025-09-12_15h23.16.063,SignalDetection_orient_Lab2,,2025.1.1,59.93026514,2025-09-12 15h23.22.265091 +0530
5,0,5,up,0,0.2105392,None,-1,5,0,5,0,6.8293228,,6.8121959,6.8293228,7.8294023,7.8125265,8.0297318,up,0,0.2105392,None,-1,235884,1,2025-09-12_15h23.16.063,SignalDetection_orient_Lab2,,2025.1.1,59.93026514,2025-09-12 15h23.22.265091 +0530
6,0,6,down,1,0.0766929,None,1,6,0,6,0,8.0457774,,8.0299065,8.0457774,9.0457864,9.0457864,9.1296806,down,1,0.0766929,None,1,235884,1,2025-09-12_15h23.16.063,SignalDetection_orient_Lab2,,2025.1.1,59.93026514,2025-09-12 15h23.22.265091 +0530
7,0,7,down,1,0.0557088,None,-1,7,0,7,0,9.1450199,,9.1300834,9.1450199,10.1453224,10.1453224,10.2120112,down,1,0.0557088,None,-1,235884,1,2025-09-12_15h23.16.063,SignalDetection_orient_Lab2,,2025.1.1,59.93026514,2025-09-12 15h23.22.265091 +0530
8,0,8,down,1,0.7200647,None,2,8,0,8,0,10.2283205,,10.2121576,10.2283205,11.2286473,11.2120329,11.9463964,down,1,0.7200647,None,2,235884,1,2025-09-12_15h23.16.063,SignalDetection_orient_Lab2,,2025.1.1,59.93026514,2025-09-12 15h23.22.265091 +0530
9,0,9,down,0,0.1161811,None,0,9,0,9,0,11.9621106,,11.9471613,11.9621106,12.9615118,12.9615118,13.09597,down,0,0.1161811,None,0,235884,1,2025-09-12_15h23.16.063,SignalDetection_orient_Lab2,,2025.1.1,59.93026514,2025-09-12 15h23.22.265091 +0530
10,0,10,up,1,0.3484496,None,0,10,0,10,0,13.1116111,,13.0962972,13.1116111,14.1113026,14.1113026,14.4613537,up,1,0.3484496,None,0,235884,1,2025-09-12_15h23.16.063,SignalDetection_orient_Lab2,,2025.1.1,59.93026514,2025-09-12 15h23.22.265091 +0530
11,0,11,up,1,0.2625649,None,0,11,0,11,0,14.4781438,,14.4615083,14.4781438,15.4782704,15.4615396,15.7283512,up,1,0.2625649,None,0,235884,1,2025-09-12_15h23.16.063,SignalDetection_orient_Lab2,,2025.1.1,59.93026514,2025-09-12 15h23.22.265091 +0530
12,0,12,down,0,0.1819799,None,0,12,0,12,0,15.7451507,,15.7289153,15.7451507,16.7446092,16.7280156,16.9112577,down,0,0.1819799,None,0,235884,1,2025-09-12_15h23.16.063,SignalDetection_orient_Lab2,,2025.1.1,59.93026514,2025-09-12 15h23.22.265091 +0530
13,0,13,down,0,0.167669,None,0,13,0,13,0,16.9284146,,16.9113969,16.9284146,17.9276956,17.9108342,18.0942623,down,0,0.167669,None,0,235884,1,2025-09-12_15h23.16.063,SignalDetection_orient_Lab2,,2025.1.1,59.93026514,2025-09-12 15h23.22.265091 +0530
14,0,14,up,0,0.330693,None,1,14,0,14,0,18.1109283,,18.0944165,18.1109283,19.110857,19.0944405,19.4271752,up,0,0.330693,None,1,235884,1,2025-09-12_15h23.16.063,SignalDetection_orient_Lab2,,2025.1.1,59.93026514,2025-09-12 15h23.22.265091 +0530
15,0,15,up,1,0.1784646,None,0,15,0,15,0,19.4439839,,19.4273176,19.4439839,20.4444765,20.4275429,20.6108046,up,1,0.1784646,None,0,235884,1,2025-09-12_15h23.16.063,SignalDetection_orient_Lab2,,2025.1.1,59.93026514,2025-09-12 15h23.22.265091 +0530
16,0,16,down,0,0.1432395,None,0,16,0,16,0,20.6273341,,20.6109856,20.6273341,21.627618,21.6106061,21.7627344,down,0,0.1432395,None,0,235884,1,2025-09-12_15h23.16.063,SignalDetection_orient_Lab2,,2025.1.1,59.93026514,2025-09-12 15h23.22.265091 +0530
17,0,17,down,0,0.3567158,None,0,17,0,17,0,21.7777538,,21.7634185,21.7777538,22.7769904,22.7769904,23.1452005,down,0,0.3567158,None,0,235884,1,2025-09-12_15h23.16.063,SignalDetection_orient_Lab2,,2025.1.1,59.93026514,2025-09-12 15h23.22.265091 +0530
18,0,18,down,1,0.31728,None,-4,18,0,18,0,23.1603133,,23.1459586,23.1603133,24.1601032,24.1601032,24.4794291,down,1,0.31728,None,-4,235884,1,2025-09-12_15h23.16.063,SignalDetection_orient_Lab2,,2025.1.1,59.93026514,2025-09-12 15h23.22.265091 +0530
19,0,19,up,0,0.1703033,None,3,19,0,19,0,24.4937063,,24.4798993,24.4937063,25.4931528,25.4931528,25.6778964,up,0,0.1703033,None,3,235884,1,2025-09-12_15h23.16.063,SignalDetection_orient_Lab2,,2025.1.1,59.93026514,2025-09-12 15h23.22.265091 +0530
20,0,20,down,1,0.1389518,None,0,20,0,20,0,25.693487,,25.6787229,25.693487,26.6933431,26.6933431,26.8434642,down,1,0.1389518,None,0,235884,1,2025-09-12_15h23.16.063,SignalDetection_orient_Lab2,,2025.1.1,59.93026514,2025-09-12 15h23.22.265091 +0530
21,0,21,up,0,0.0326953,None,4,21,0,21,0,26.8595598,,26.8436406,26.8595598,27.8594074,27.8436409,27.893822,up,0,0.0326953,None,4,235884,1,2025-09-12_15h23.16.063,SignalDetection_orient_Lab2,,2025.1.1,59.93026514,2025-09-12 15h23.22.265091 +0530
22,0,22,down,1,0.0708578,None,2,22,0,22,0,27.9096328,,27.8939873,27.9096328,28.9099391,28.9099391,28.9930191,down,1,0.0708578,None,2,235884,1,2025-09-12_15h23.16.063,SignalDetection_orient_Lab2,,2025.1.1,59.93026514,2025-09-12 15h23.22.265091 +0530
23,0,23,up,1,0.0581211,None,0,23,0,23,0,29.0093562,,28.9934219,29.0093562,30.0094994,29.9931113,30.0602244,up,1,0.0581211,None,0,235884,1,2025-09-12_15h23.16.063,SignalDetection_orient_Lab2,,2025.1.1,59.93026514,2025-09-12 15h23.22.265091 +0530
24,0,24,up,1,0.0272125,None,0,24,0,24,0,30.0762143,,30.0604714,30.0762143,31.0761088,31.0595501,31.0933948,up,1,0.0272125,None,0,235884,1,2025-09-12_15h23.16.063,SignalDetection_orient_Lab2,,2025.1.1,59.93026514,2025-09-12 15h23.22.265091 +0530
25,0,25,up,1,0.0933571,None,0,25,0,25,0,31.1093096,,31.0935733,31.1093096,32.1089021,32.1089021,32.2091834,up,1,0.0933571,None,0,235884,1,2025-09-12_15h23.16.063,SignalDetection_orient_Lab2,,2025.1.1,59.93026514,2025-09-12 15h23.22.265091 +0530
26,0,26,up,0,0.1624005,None,4,26,0,26,0,32.2259382,,32.2094233,32.2259382,33.2261572,33.2093161,33.3755947,up,0,0.1624005,None,4,235884,1,2025-09-12_15h23.16.063,SignalDetection_orient_Lab2,,2025.1.1,59.93026514,2025-09-12 15h23.22.265091 +0530
27,0,27,down,0,0.0595482,None,0,27,0,27,0,33.3919327,,33.3757272,33.3919327,34.3922505,34.3759273,34.4422836,down,0,0.0595482,None,0,235884,1,2025-09-12_15h23.16.063,SignalDetection_orient_Lab2,,2025.1.1,59.93026514,2025-09-12 15h23.22.265091 +0530
28,0,28,down,1,0.0769318,None,1,28,0,28,0,34.4586318,,34.4424326,34.4586318,35.4585148,35.4421868,35.5263814,down,1,0.0769318,None,1,235884,1,2025-09-12_15h23.16.063,SignalDetection_orient_Lab2,,2025.1.1,59.93026514,2025-09-12 15h23.22.265091 +0530
29,0,29,down,0,0.0409846,None,0,29,0,29,0,35.5422052,,35.5269811,35.5422052,36.5420696,36.5420696,36.5920743,down,0,0.0409846,None,0,235884,1,2025-09-12_15h23.16.063,SignalDetection_orient_Lab2,,2025.1.1,59.93026514,2025-09-12 15h23.22.265091 +0530
30,0,30,down,1,0.0099834,None,-1,30,0,30,0,36.6084058,,36.5922384,36.6084058,37.6082418,37.5917431,37.6086933,down,1,0.0099834,None,-1,235884,1,2025-09-12_15h23.16.063,SignalDetection_orient_Lab2,,2025.1.1,59.93026514,2025-09-12 15h23.22.265091 +0530
31,0,31,down,1,0.018473,None,3,31,0,31,0,37.6249104,,37.6088449,37.6249104,38.6249826,38.6081358,38.6415287,down,1,0.018473,None,3,235884,1,2025-09-12_15h23.16.063,SignalDetection_orient_Lab2,,2025.1.1,59.93026514,2025-09-12 15h23.22.265091 +0530
32,0,32,up,1,0.2607283,None,0,32,0,32,0,38.6587648,,38.6416594,38.6587648,39.6581037,39.6416569,39.9094138,up,1,0.2607283,None,0,235884,1,2025-09-12_15h23.16.063,SignalDetection_orient_Lab2,,2025.1.1,59.93026514,2025-09-12 15h23.22.265091 +0530
33,0,33,up,0,0.071278,None,-2,33,0,33,0,39.9253254,,39.9102526,39.9253254,40.9413415,40.9243801,41.0085667,up,0,0.071278,None,-2,235884,1,2025-09-12_15h23.16.063,SignalDetection_orient_Lab2,,2025.1.1,59.93026514,2025-09-12 15h23.22.265091 +0530
34,0,34,down,0,0.0088516,None,0,34,0,34,0,41.0246776,,41.009004,41.0246776,42.0249121,42.0249121,42.0418177,down,0,0.0088516,None,0,235884,1,2025-09-12_15h23.16.063,SignalDetection_orient_Lab2,,2025.1.1,59.93026514,2025-09-12 15h23.22.265091 +0530
35,0,35,down,1,0.1002124,None,-3,35,0,35,0,42.0580778,,42.0419776,42.0580778,43.0580911,43.041364,43.1583541,down,1,0.1002124,None,-3,235884,1,2025-09-12_15h23.16.063,SignalDetection_orient_Lab2,,2025.1.1,59.93026514,2025-09-12 15h23.22.265091 +0530
36,0,36,up,0,0.1023968,None,-2,36,0,36,0,43.1742753,,43.1586216,43.1742753,44.1742727,44.1577487,44.2745128,up,0,0.1023968,None,-2,235884,1,2025-09-12_15h23.16.063,SignalDetection_orient_Lab2,,2025.1.1,59.93026514,2025-09-12 15h23.22.265091 +0530
37,0,37,up,0,0.0652734,None,1,37,0,37,0,44.2907524,,44.2746589,44.2907524,45.2911602,45.2738584,45.3407861,up,0,0.0652734,None,1,235884,1,2025-09-12_15h23.16.063,SignalDetection_orient_Lab2,,2025.1.1,59.93026514,2025-09-12 15h23.22.265091 +0530
38,0,38,up,0,0.0769659,None,-3,38,0,38,0,45.3577545,,45.3409485,45.3577545,46.3573927,46.3413922,46.424578,up,0,0.0769659,None,-3,235884,1,2025-09-12_15h23.16.063,SignalDetection_orient_Lab2,,2025.1.1,59.93026514,2025-09-12 15h23.22.265091 +0530
39,0,39,down,0,0.0811555,None,0,39,0,39,0,46.4408147,,46.4249861,46.4408147,47.4401954,47.4236197,47.5072061,down,0,0.0811555,None,0,235884,1,2025-09-12_15h23.16.063,SignalDetection_orient_Lab2,,2025.1.1,59.93026514,2025-09-12 15h23.22.265091 +0530
40,0,40,up,1,0.1688179,None,0,40,0,40,0,47.5239802,,47.5073914,47.5239802,48.5237387,48.507203,48.6911528,up,1,0.1688179,None,0,235884,1,2025-09-12_15h23.16.063,SignalDetection_orient_Lab2,,2025.1.1,59.93026514,2025-09-12 15h23.22.265091 +0530
41,0,41,up,0,0.239701,None,-4,41,0,41,0,48.7071996,,48.6913084,48.7071996,49.7071542,49.6904747,49.9404208,up,0,0.239701,None,-4,235884,1,2025-09-12_15h23.16.063,SignalDetection_orient_Lab2,,2025.1.1,59.93026514,2025-09-12 15h23.22.265091 +0530
42,0,42,up,0,0.2424596,None,-1,42,0,42,0,49.9568601,,49.9406394,49.9568601,50.9572692,50.9408224,51.19064,up,0,0.2424596,None,-1,235884,1,2025-09-12_15h23.16.063,SignalDetection_orient_Lab2,,2025.1.1,59.93026514,2025-09-12 15h23.22.265091 +0530
43,0,43,down,0,0.2049128,None,0,43,0,43,0,51.2062114,,51.1908426,51.2062114,52.2066639,52.2066639,52.4235249,down,0,0.2049128,None,0,235884,1,2025-09-12_15h23.16.063,SignalDetection_orient_Lab2,,2025.1.1,59.93026514,2025-09-12 15h23.22.265091 +0530
44,0,44,up,1,0.0285713,None,0,44,0,44,0,52.4398412,,52.4236636,52.4398412,53.4402293,53.4234465,53.4579147,up,1,0.0285713,None,0,235884,1,2025-09-12_15h23.16.063,SignalDetection_orient_Lab2,,2025.1.1,59.93026514,2025-09-12 15h23.22.265091 +0530
45,0,45,up,1,0.0224745,None,0,45,0,45,0,53.4728462,,53.4585281,53.4728462,54.4731703,54.4731703,54.5078631,up,1,0.0224745,None,0,235884,1,2025-09-12_15h23.16.063,SignalDetection_orient_Lab2,,2025.1.1,59.93026514,2025-09-12 15h23.22.265091 +0530
46,0,46,up,0,0.1180005,None,-5,46,0,46,0,54.5228489,,54.5085285,54.5228489,55.5225184,55.5225184,55.656427,up,0,0.1180005,None,-5,235884,1,2025-09-12_15h23.16.063,SignalDetection_orient_Lab2,,2025.1.1,59.93026514,2025-09-12 15h23.22.265091 +0530
47,0,47,up,1,0.0663169,None,0,47,0,47,0,55.6728138,,55.6565654,55.6728138,56.6725658,56.656121,56.7230178,up,1,0.0663169,None,0,235884,1,2025-09-12_15h23.16.063,SignalDetection_orient_Lab2,,2025.1.1,59.93026514,2025-09-12 15h23.22.265091 +0530
48,0,48,up,1,0.1119748,None,0,48,0,48,0,56.7388534,,56.7231585,56.7388534,57.7392723,57.7224733,57.8392082,up,1,0.1119748,None,0,235884,1,2025-09-12_15h23.16.063,SignalDetection_orient_Lab2,,2025.1.1,59.93026514,2025-09-12 15h23.22.265091 +0530
49,0,49,down,0,0.0616109,None,0,49,0,49,0,57.8557397,,57.8393775,57.8557397,58.8555327,58.8395452,58.9062171,down,0,0.0616109,None,0,235884,1,2025-09-12_15h23.16.063,SignalDetection_orient_Lab2,,2025.1.1,59.93026514,2025-09-12 15h23.22.265091 +0530
50,0,50,down,0,0.1877956,None,0,50,0,50,0,58.9227386,,58.906417,58.9227386,59.9383966,59.9218393,60.122175,down,0,0.1877956,None,0,235884,1,2025-09-12_15h23.16.063,SignalDetection_orient_Lab2,,2025.1.1,59.93026514,2025-09-12 15h23.22.265091 +0530
51,0,51,up,0,0.2756364,None,1,51,0,51,0,60.1386255,,60.1224665,60.1386255,61.1382909,61.1214986,61.4053386,up,0,0.2756364,None,1,235884,1,2025-09-12_15h23.16.063,SignalDetection_orient_Lab2,,2025.1.1,59.93026514,2025-09-12 15h23.22.265091 +0530
52,0,52,down,1,0.2201132,None,-1,52,0,52,0,61.4216729,,61.4055578,61.4216729,62.4218877,62.4051133,62.6384596,down,1,0.2201132,None,-1,235884,1,2025-09-12_15h23.16.063,SignalDetection_orient_Lab2,,2025.1.1,59.93026514,2025-09-12 15h23.22.265091 +0530
53,0,53,down,0,0.1649567,None,0,53,0,53,0,62.6545044,,62.6386196,62.6545044,63.6550793,63.6385702,63.8053699,down,0,0.1649567,None,0,235884,1,2025-09-12_15h23.16.063,SignalDetection_orient_Lab2,,2025.1.1,59.93026514,2025-09-12 15h23.22.265091 +0530
54,0,54,up,0,0.1010886,None,3,54,0,54,0,63.82147,,63.8055219,63.82147,64.8215146,64.8050603,64.922106,up,0,0.1010886,None,3,235884,1,2025-09-12_15h23.16.063,SignalDetection_orient_Lab2,,2025.1.1,59.93026514,2025-09-12 15h23.22.265091 +0530
55,0,55,up,0,0.0714071,None,-2,55,0,55,0,64.9377928,,64.9222505,64.9377928,65.9383219,65.9216892,66.005408,up,0,0.0714071,None,-2,235884,1,2025-09-12_15h23.16.063,SignalDetection_orient_Lab2,,2025.1.1,59.93026514,2025-09-12 15h23.22.265091 +0530
56,0,56,down,1,0.1319942,None,1,56,0,56,0,66.0213933,,66.0055776,66.0213933,67.0214888,67.0214888,67.1549635,down,1,0.1319942,None,1,235884,1,2025-09-12_15h23.16.063,SignalDetection_orient_Lab2,,2025.1.1,59.93026514,2025-09-12 15h23.22.265091 +0530
57,0,57,down,0,0.1213131,None,0,57,0,57,0,67.1710353,,67.1551074,67.1710353,68.1713019,68.1543706,68.2883124,down,0,0.1213131,None,0,235884,1,2025-09-12_15h23.16.063,SignalDetection_orient_Lab2,,2025.1.1,59.93026514,2025-09-12 15h23.22.265091 +0530
58,0,58,up,0,0.1612201,None,-4,58,0,58,0,68.3044044,,68.2884858,68.3044044,69.3046328,69.2884487,69.4549767,up,0,0.1612201,None,-4,235884,1,2025-09-12_15h23.16.063,SignalDetection_orient_Lab2,,2025.1.1,59.93026514,2025-09-12 15h23.22.265091 +0530
59,0,59,down,0,0.0481232,None,0,59,0,59,0,69.4713673,,69.455113,69.4713673,70.4712764,70.4544739,70.5044388,down,0,0.0481232,None,0,235884,1,2025-09-12_15h23.16.063,SignalDetection_orient_Lab2,,2025.1.1,59.93026514,2025-09-12 15h23.22.265091 +0530
60,0,60,down,1,0.3651731,None,3,60,0,60,0,70.5209364,,70.504612,70.5209364,71.5205519,71.5042403,71.8719847,down,1,0.3651731,None,3,235884,1,2025-09-12_15h23.16.063,SignalDetection_orient_Lab2,,2025.1.1,59.93026514,2025-09-12 15h23.22.265091 +0530
61,0,61,down,0,0.0649111,None,0,61,0,61,0,71.8876079,,71.8726694,71.8876079,72.8869693,72.8869693,72.9540642,down,0,0.0649111,None,0,235884,1,2025-09-12_15h23.16.063,SignalDetection_orient_Lab2,,2025.1.1,59.93026514,2025-09-12 15h23.22.265091 +0530
62,0,62,up,0,0.3705292,None,-5,62,0,62,0,72.9701809,,72.9542179,72.9701809,73.9704422,73.954091,74.3376743,up,0,0.3705292,None,-5,235884,1,2025-09-12_15h23.16.063,SignalDetection_orient_Lab2,,2025.1.1,59.93026514,2025-09-12 15h23.22.265091 +0530
63,0,63,down,0,0.0297128,None,0,63,0,63,0,74.3542776,,74.3378031,74.3542776,75.3538191,75.3370719,75.3702026,down,0,0.0297128,None,0,235884,1,2025-09-12_15h23.16.063,SignalDetection_orient_Lab2,,2025.1.1,59.93026514,2025-09-12 15h23.22.265091 +0530
64,0,64,down,1,0.0745785,None,1,64,0,64,0,75.3870862,,75.3703548,75.3870862,76.3870772,76.3701601,76.4540642,down,1,0.0745785,None,1,235884,1,2025-09-12_15h23.16.063,SignalDetection_orient_Lab2,,2025.1.1,59.93026514,2025-09-12 15h23.22.265091 +0530
65,0,65,up,1,0.077147,None,0,65,0,65,0,76.4701059,,76.4541982,76.4701059,77.4702246,77.4539013,77.5366226,up,1,0.077147,None,0,235884,1,2025-09-12_15h23.16.063,SignalDetection_orient_Lab2,,2025.1.1,59.93026514,2025-09-12 15h23.22.265091 +0530
66,0,66,down,1,0.0403366,None,0,66,0,66,0,77.5529355,,77.5367773,77.5529355,78.5534839,78.5367943,78.5875061,down,1,0.0403366,None,0,235884,1,2025-09-12_15h23.16.063,SignalDetection_orient_Lab2,,2025.1.1,59.93026514,2025-09-12 15h23.22.265091 +0530
67,0,67,up,0,0.2277261,None,0,67,0,67,0,78.6034349,,78.5877275,78.6034349,79.6026826,79.6026826,79.8370754,up,0,0.2277261,None,0,235884,1,2025-09-12_15h23.16.063,SignalDetection_orient_Lab2,,2025.1.1,59.93026514,2025-09-12 15h23.22.265091 +0530
68,0,68,up,0,0.0815807,None,-4,68,0,68,0,79.8536263,,79.8373188,79.8536263,80.8531014,80.8366639,80.9200103,up,0,0.0815807,None,-4,235884,1,2025-09-12_15h23.16.063,SignalDetection_orient_Lab2,,2025.1.1,59.93026514,2025-09-12 15h23.22.265091 +0530
69,0,69,up,0,0.0450652,None,2,69,0,69,0,80.9368876,,80.9201971,80.9368876,81.9363325,81.9196807,81.9698982,up,0,0.0450652,None,2,235884,1,2025-09-12_15h23.16.063,SignalDetection_orient_Lab2,,2025.1.1,59.93026514,2025-09-12 15h23.22.265091 +0530
70,0,70,up,0,0.3816696,None,3,70,0,70,0,81.9861475,,81.9700965,81.9861475,82.9856135,82.9692798,83.3522783,up,0,0.3816696,None,3,235884,1,2025-09-12_15h23.16.063,SignalDetection_orient_Lab2,,2025.1.1,59.93026514,2025-09-12 15h23.22.265091 +0530
71,0,71,down,0,0.1467851,None,0,71,0,71,0,83.3688319,,83.3524079,83.3688319,84.3688744,84.3525029,84.5023252,down,0,0.1467851,None,0,235884,1,2025-09-12_15h23.16.063,SignalDetection_orient_Lab2,,2025.1.1,59.93026514,2025-09-12 15h23.22.265091 +0530
72,0,72,up,0,3.6750614,None,1,72,0,72,0,84.5191004,,84.5024757,84.5191004,85.519034,85.5019253,89.1850355,up,0,3.6750614,None,1,235884,1,2025-09-12_15h23.16.063,SignalDetection_orient_Lab2,,2025.1.1,59.93026514,2025-09-12 15h23.22.265091 +0530
73,0,73,down,0,0.237456,None,0,73,0,73,0,89.2015558,,89.1851697,89.2015558,90.201571,90.1849779,90.4350927,down,0,0.237456,None,0,235884,1,2025-09-12_15h23.16.063,SignalDetection_orient_Lab2,,2025.1.1,59.93026514,2025-09-12 15h23.22.265091 +0530
74,0,74,down,0,1.0601013,None,0,74,0,74,0,90.4516256,,90.4352232,90.4516256,91.4518202,91.4348406,92.5019898,down,0,1.0601013,None,0,235884,1,2025-09-12_15h23.16.063,SignalDetection_orient_Lab2,,2025.1.1,59.93026514,2025-09-12 15h23.22.265091 +0530
75,0,75,up,1,0.3564064,None,0,75,0,75,0,92.5174826,,92.5021412,92.5174826,93.5179783,93.5014621,93.8679884,up,1,0.3564064,None,0,235884,1,2025-09-12_15h23.16.063,SignalDetection_orient_Lab2,,2025.1.1,59.93026514,2025-09-12 15h23.22.265091 +0530
76,0,76,down,1,0.3453919,None,1,76,0,76,0,93.8845549,,93.8681461,93.8845549,94.8841481,94.8674112,95.2176764,down,1,0.3453919,None,1,235884,1,2025-09-12_15h23.16.063,SignalDetection_orient_Lab2,,2025.1.1,59.93026514,2025-09-12 15h23.22.265091 +0530
77,0,77,down,0,0.1658956,None,0,77,0,77,0,95.2341823,,95.2178432,95.2341823,96.2341597,96.2177353,96.3848293,down,0,0.1658956,None,0,235884,1,2025-09-12_15h23.16.063,SignalDetection_orient_Lab2,,2025.1.1,59.93026514,2025-09-12 15h23.22.265091 +0530
78,0,78,down,0,0.099086,None,0,78,0,78,0,96.4003947,,96.3849892,96.4003947,97.4010716,97.3842879,97.4843067,down,0,0.099086,None,0,235884,1,2025-09-12_15h23.16.063,SignalDetection_orient_Lab2,,2025.1.1,59.93026514,2025-09-12 15h23.22.265091 +0530
79,0,79,up,1,0.0032229,None,0,79,0,79,0,97.500351,,97.4845088,97.500351,98.5006324,98.4836115,98.5009563,up,1,0.0032229,None,0,235884,1,2025-09-12_15h23.16.063,SignalDetection_orient_Lab2,,2025.1.1,59.93026514,2025-09-12 15h23.22.265091 +0530
80,0,80,up,1,0.0841007,None,0,80,0,80,0,98.5171162,,98.5012182,98.5171162,99.5174054,99.5003536,99.6014305,up,1,0.0841007,None,0,235884,1,2025-09-12_15h23.16.063,SignalDetection_orient_Lab2,,2025.1.1,59.93026514,2025-09-12 15h23.22.265091 +0530
81,0,81,up,0,0.1304861,None,-2,81,0,81,0,99.6168077,,99.6016516,99.6168077,100.6175481,100.6175481,100.7501665,up,0,0.1304861,None,-2,235884,1,2025-09-12_15h23.16.063,SignalDetection_orient_Lab2,,2025.1.1,59.93026514,2025-09-12 15h23.22.265091 +0530
82,0,82,up,0,0.1721866,None,3,82,0,82,0,100.7667859,,100.7503108,100.7667859,101.7666221,101.7503659,101.9348083,up,0,0.1721866,None,3,235884,1,2025-09-12_15h23.16.063,SignalDetection_orient_Lab2,,2025.1.1,59.93026514,2025-09-12 15h23.22.265091 +0530
83,0,83,up,1,0.1807059,None,0,83,0,83,0,101.9502395,,101.9355109,101.9502395,102.9500316,102.9500316,103.1333049,up,1,0.1807059,None,0,235884,1,2025-09-12_15h23.16.063,SignalDetection_orient_Lab2,,2025.1.1,59.93026514,2025-09-12 15h23.22.265091 +0530
84,0,84,up,0,0.0678659,None,-4,84,0,84,0,103.1500456,,103.1334671,103.1500456,104.1502486,104.1332159,104.2177524,up,0,0.0678659,None,-4,235884,1,2025-09-12_15h23.16.063,SignalDetection_orient_Lab2,,2025.1.1,59.93026514,2025-09-12 15h23.22.265091 +0530
85,0,85,up,0,0.2232167,None,-3,85,0,85,0,104.2337218,,104.2186467,104.2337218,105.233172,105.233172,105.4663652,up,0,0.2232167,None,-3,235884,1,2025-09-12_15h23.16.063,SignalDetection_orient_Lab2,,2025.1.1,59.93026514,2025-09-12 15h23.22.265091 +0530
86,0,86,up,0,0.1713461,None,-4,86,0,86,0,105.4832196,,105.4665397,105.4832196,106.4834967,106.4665472,106.6494528,up,0,0.1713461,None,-4,235884,1,2025-09-12_15h23.16.063,SignalDetection_orient_Lab2,,2025.1.1,59.93026514,2025-09-12 15h23.22.265091 +0530
87,0,87,down,0,0.30031,None,0,87,0,87,0,106.6664331,,106.6496236,106.6664331,107.6660467,107.6489512,107.950299,down,0,0.30031,None,0,235884,1,2025-09-12_15h23.16.063,SignalDetection_orient_Lab2,,2025.1.1,59.93026514,2025-09-12 15h23.22.265091 +0530
88,0,88,up,1,0.0995284,None,0,88,0,88,0,107.9658451,,107.9504418,107.9658451,108.9656588,108.9656588,109.0658893,up,1,0.0995284,None,0,235884,1,2025-09-12_15h23.16.063,SignalDetection_orient_Lab2,,2025.1.1,59.93026514,2025-09-12 15h23.22.265091 +0530
89,0,89,down,1,0.1836045,None,0,89,0,89,0,109.0820764,,109.0660336,109.0820764,110.0821215,110.0658356,110.2502896,down,1,0.1836045,None,0,235884,1,2025-09-12_15h23.16.063,SignalDetection_orient_Lab2,,2025.1.1,59.93026514,2025-09-12 15h23.22.265091 +0530
90,0,90,down,1,0.0161421,None,1,90,0,90,0,110.2659585,,110.2505259,110.2659585,111.2653659,111.2653659,111.2827382,down,1,0.0161421,None,1,235884,1,2025-09-12_15h23.16.063,SignalDetection_orient_Lab2,,2025.1.1,59.93026514,2025-09-12 15h23.22.265091 +0530
91,0,91,up,0,0.1409336,None,2,91,0,91,0,111.2991288,,111.2829576,111.2991288,112.2984844,112.2824072,112.4319603,up,0,0.1409336,None,2,235884,1,2025-09-12_15h23.16.063,SignalDetection_orient_Lab2,,2025.1.1,59.93026514,2025-09-12 15h23.22.265091 +0530
92,0,92,down,1,0.1634706,None,0,92,0,92,0,112.4485301,,112.4321232,112.4485301,113.4491292,113.4324749,113.5988138,down,1,0.1634706,None,0,235884,1,2025-09-12_15h23.16.063,SignalDetection_orient_Lab2,,2025.1.1,59.93026514,2025-09-12 15h23.22.265091 +0530
93,0,93,down,1,0.1854017,None,-5,93,0,93,0,113.6153751,,113.5992093,113.6153751,114.6154906,114.5984531,114.799582,down,1,0.1854017,None,-5,235884,1,2025-09-12_15h23.16.063,SignalDetection_orient_Lab2,,2025.1.1,59.93026514,2025-09-12 15h23.22.265091 +0530
94,0,94,up,1,0.0707621,None,0,94,0,94,0,114.8155085,,114.7999254,114.8155085,115.8149571,115.8149571,115.9000757,up,1,0.0707621,None,0,235884,1,2025-09-12_15h23.16.063,SignalDetection_orient_Lab2,,2025.1.1,59.93026514,2025-09-12 15h23.22.265091 +0530
95,0,95,up,0,0.1105977,None,-5,95,0,95,0,115.9151907,,115.9005591,115.9151907,116.914527,116.914527,117.0315948,up,0,0.1105977,None,-5,235884,1,2025-09-12_15h23.16.063,SignalDetection_orient_Lab2,,2025.1.1,59.93026514,2025-09-12 15h23.22.265091 +0530
96,0,96,down,0,0.1690837,None,0,96,0,96,0,117.0481368,,117.0317302,117.0481368,118.048659,118.0318001,118.2151208,down,0,0.1690837,None,0,235884,1,2025-09-12_15h23.16.063,SignalDetection_orient_Lab2,,2025.1.1,59.93026514,2025-09-12 15h23.22.265091 +0530
97,0,97,down,0,0.0693155,None,0,97,0,97,0,118.2316035,,118.2152532,118.2316035,119.2311149,119.2145537,119.2983987,down,0,0.0693155,None,0,235884,1,2025-09-12_15h23.16.063,SignalDetection_orient_Lab2,,2025.1.1,59.93026514,2025-09-12 15h23.22.265091 +0530
98,0,98,up,1,0.3213611,None,0,98,0,98,0,119.3147931,,119.2985435,119.3147931,120.3145109,120.2980492,120.631527,up,1,0.3213611,None,0,235884,1,2025-09-12_15h23.16.063,SignalDetection_orient_Lab2,,2025.1.1,59.93026514,2025-09-12 15h23.22.265091 +0530
99,0,99,down,0,0.053913,None,0,99,0,99,0,120.6475,,120.6316836,120.6475,121.6474203,121.6315126,121.6984586,down,0,0.053913,None,0,235884,1,2025-09-12_15h23.16.063,SignalDetection_orient_Lab2,,2025.1.1,59.93026514,2025-09-12 15h23.22.265091 +0530
